{"f1 score": 0.7143037875809771, "Fairness": 4.0082053902608665, "_step": 0, "_runtime": 99, "_timestamp": 1603546785}