{"Fairness": 3.6537027505691797, "f1 score": 0.5947069611951744, "_step": 0, "_runtime": 119, "_timestamp": 1603806775}