{"f1 list": {"pastor": 0.5707070707070707, "model": 0.7646544181977253, "yoga_teacher": 0.729641693811075, "teacher": 0.5595380326563123, "personal_trainer": 0.6928104575163399, "painter": 0.7824191790773702, "journalist": 0.7029903699949316, "interior_designer": 0.6713615023474178, "surgeon": 0.7562162162162162, "accountant": 0.7629716981132075, "dj": 0.7298578199052134, "physician": 0.7081199707388441, "comedian": 0.7274774774774775, "software_engineer": 0.6809078771695595, "nurse": 0.8356009070294784, "poet": 0.7235973597359736, "dentist": 0.9169455430483723, "chiropractor": 0.6971080669710807, "filmmaker": 0.770573566084788, "professor": 0.8564659160141705, "photographer": 0.8462680237489398, "rapper": 0.72992700729927, "psychologist": 0.7264400211379249, "paralegal": 0.48258706467661694, "architect": 0.6677718832891247, "composer": 0.7944700460829492, "attorney": 0.8572649572649573, "dietitian": 0.8042010502625656}, "Fairness": 3.6673790058285545, "f1 score": 0.7338891141633919, "_step": 0, "_runtime": 67, "_timestamp": 1603711060}