{"f1 score": 0.7284142127963612, "Fairness": 3.6054627219837734, "_step": 0, "_runtime": 2533, "_timestamp": 1603556145}