{"f1 list": {"pastor": 0.5521628498727735, "model": 0.7612516073724818, "yoga_teacher": 0.7070376432078559, "teacher": 0.5391406709829312, "personal_trainer": 0.7028301886792453, "painter": 0.7796610169491525, "journalist": 0.6913516976297245, "interior_designer": 0.633257403189066, "surgeon": 0.755118755118755, "accountant": 0.7486305538648814, "dj": 0.712871287128713, "physician": 0.7083995952002313, "comedian": 0.7711386696730553, "software_engineer": 0.6672566371681417, "nurse": 0.8325130080157502, "poet": 0.7400079145231501, "dentist": 0.9178255372945638, "chiropractor": 0.6754002911208152, "filmmaker": 0.7631688096225632, "professor": 0.857038524739821, "photographer": 0.8481973434535104, "rapper": 0.6884422110552764, "psychologist": 0.7291558777835319, "paralegal": 0.47524752475247517, "architect": 0.651543793320731, "composer": 0.7880794701986754, "attorney": 0.8569498395541295, "dietitian": 0.8212765957446809}, "Fairness": 3.7115091997598157, "_step": 0, "_runtime": 62, "_timestamp": 1603710640}