{"f1 list": [0.5688073394495413, 0.766695576756288, 0.7138157894736842, 0.564885496183206, 0.6802721088435374, 0.7840248158200853, 0.6970954356846473, 0.6740088105726872, 0.7495917256396298, 0.751207729468599, 0.6986899563318778, 0.7165790595255007, 0.781316348195329, 0.6705253784505789, 0.8310210876803551, 0.7248803827751197, 0.9295343137254902, 0.6961651917404129, 0.7853736089030205, 0.8574794942674582, 0.8426485121335237, 0.6896551724137931, 0.7327586206896551, 0.48258706467661694, 0.6698412698412698, 0.7780898876404494, 0.8553202347537637, 0.7901234567901234], "Fairness": 3.3772477268232834, "_step": 0, "_runtime": 69, "_timestamp": 1603709599}