{"f1 score": 0.6969207135607014, "Fairness": 3.57359707558197, "_step": 0, "_runtime": 149, "_timestamp": 1603546982}