{"f1 score": 0.5275924915908418, "Fairness": 4.269584747089419, "_step": 0, "_runtime": 128, "_timestamp": 1603550816}