{"f1 score": 0.6785911973228475, "Fairness": 3.4501726314170607, "_step": 0, "_runtime": 65, "_timestamp": 1603549290}