{"f1 score": 0.7206957775229409, "Fairness": 3.3954669908541946, "_step": 0, "_runtime": 133, "_timestamp": 1603549721}