{"Fairness": 3.2387660676964853, "f1 score": 0.5950918248547252, "_step": 0, "_runtime": 158, "_timestamp": 1603806615}