{"f1 score": 0.7295267717462975, "Fairness": 3.5583678264919305, "_step": 0, "_runtime": 66, "_timestamp": 1603546613}