{"f1 list": {"pastor": 0.5695364238410596, "model": 0.7505330490405118, "yoga_teacher": 0.6839186691312384, "teacher": 0.5205249930187099, "personal_trainer": 0.710204081632653, "painter": 0.7628430682617876, "journalist": 0.6483961382746809, "interior_designer": 0.6165048543689319, "surgeon": 0.7553374233128834, "accountant": 0.6583296114336757, "dj": 0.7666666666666667, "physician": 0.6778704900693384, "comedian": 0.7611940298507461, "software_engineer": 0.6268140981340705, "nurse": 0.8224956063268892, "poet": 0.7179109966899594, "dentist": 0.9222423146473779, "chiropractor": 0.699576868829337, "filmmaker": 0.7777345270533281, "professor": 0.7567411513366822, "photographer": 0.8337851024612383, "rapper": 0.7346072186836519, "psychologist": 0.6678903894060574, "paralegal": 0.5595567867036011, "architect": 0.6348051948051948, "composer": 0.764433206911083, "attorney": 0.7998363506187993, "dietitian": 0.7912388774811772}, "Fairness": 3.0801101697680826, "f1 score": 0.7139831496068333, "_step": 0, "_runtime": 84, "_timestamp": 1603711202}