{"f1 list": {"pastor": 0.5936473165388827, "model": 0.7329756500206356, "yoga_teacher": 0.7334410339256865, "teacher": 0.523305690591936, "personal_trainer": 0.6283185840707965, "painter": 0.7684245004913199, "journalist": 0.6610242125562461, "interior_designer": 0.6308411214953271, "surgeon": 0.7440461268488343, "accountant": 0.6614892645043399, "dj": 0.7006651884700664, "physician": 0.6787395871061209, "comedian": 0.759493670886076, "software_engineer": 0.6393500529848111, "nurse": 0.8294980487148431, "poet": 0.7211646136618142, "dentist": 0.9251257768570583, "chiropractor": 0.696132596685083, "filmmaker": 0.7756683456024797, "professor": 0.762021422060164, "photographer": 0.8312818336162988, "rapper": 0.7331786542923435, "psychologist": 0.6607685197411858, "paralegal": 0.5431754874651811, "architect": 0.6252945797329145, "composer": 0.7481577806675336, "attorney": 0.797532362459547, "dietitian": 0.788005578800558}, "Fairness": 3.25426514192442, "f1 score": 0.7104559857445744, "_step": 0, "_runtime": 86, "_timestamp": 1603727713}