{"f1 list": {"pastor": 0.538558786346397, "model": 0.7657497781721385, "yoga_teacher": 0.7154742096505823, "teacher": 0.5636257989540965, "personal_trainer": 0.6733668341708543, "painter": 0.7971976401179942, "journalist": 0.7046445984090326, "interior_designer": 0.6666666666666666, "surgeon": 0.7350192413413964, "accountant": 0.7540045766590389, "dj": 0.6774941995359629, "physician": 0.7085122131754256, "comedian": 0.7644444444444444, "software_engineer": 0.7000424268137463, "nurse": 0.8312242286364283, "poet": 0.7284552845528456, "dentist": 0.9179820489012689, "chiropractor": 0.6881720430107526, "filmmaker": 0.7748691099476439, "professor": 0.8589084348218313, "photographer": 0.8533656494436488, "rapper": 0.7477064220183488, "psychologist": 0.7265077138849929, "paralegal": 0.5121951219512195, "architect": 0.66474912112496, "composer": 0.7863894139886578, "attorney": 0.8561528059499663, "dietitian": 0.8245743893412286}, "Fairness": 3.6402407133011745, "f1 score": 0.7334304715011275, "_step": 0, "_runtime": 64, "_timestamp": 1603727558}