{"f1 score": 0.7221464108642773, "Fairness": 3.4469539324423337, "_step": 0, "_runtime": 64, "_timestamp": 1603551198}