{"f1 score": 0.22701096048548822, "Fairness": 8.452850204214043, "_step": 0, "_runtime": 104, "_timestamp": 1603548447}