{"f1 score": 0.7099290235164342, "Fairness": 3.4650560700953648, "_step": 0, "_runtime": 92, "_timestamp": 1603549548}