{"f1 score": 0.5146454358925953, "Fairness": 5.130677338161492, "_step": 0, "_runtime": 91, "_timestamp": 1603548326}