{"f1 score": 0.44213312528197657, "Fairness": 4.731235105568238, "_step": 0, "_runtime": 140, "_timestamp": 1603547201}